English,Hindi
a,है
abandon,संन्यास
ability,योग्यता
able,काबिल
abortion,गर्भपात
about,के बारे में
above,के ऊपर
abroad,विदेशी
absence,अनुपस्थिति
absolute,शुद्ध
absolutely,बिल्कुल
absorb,सोख लेना
abuse,गाली देना
academic,शैक्षिक
accept,मानना
access,पहुँच
accident,दुर्घटना
accompany,साथ
accomplish,पूरा करना
according,अनुसार
account,खाता
accurate,सटीक
accuse,दोषी
achieve,प्राप्त करना
achievement,उपलब्धि
acid,खट्टा
acknowledge,स्वीकार करना
acquire,अधिग्रहण करना
across,आर–पार
act,कार्यवाही करना
action,भण्डार
active,सक्रिय
activist,कार्यकर्ता
activity,गतिविधि
actor,अभिनेता
actress,अभिनेत्री
actual,वर्तमान
actually,वास्तव में
ad,विज्ञापन
adapt,अनुकूल बनाना
add,जोड़ें
addition,योग
additional,अतिरिक्त
address,पता
adequate,पर्याप्त
adjust,समायोजित करना
adjustment,समायोजन
administration,प्रशासन
administrator,प्रशासक
admire,प्रशंसा करना
admission,प्रवेश
admit,स्वीकार किया
adolescent,किशोर
adopt,मुह बोली बहन
adult,वयस्क
advance,आगे
advanced,विकसित
advantage,फायदा
adventure,साहसिक काम
advertising,विज्ञापन देना
advice,सलाह
advise,सलाह देना
adviser,सलाहकार
advocate,वकील
affair,चक्कर
affect,प्रभावित करना
afford,खर्च वहन करना
afraid,डरा हुआ
African,अफ़्रीकी
African-American,अफ्रीकी अमेरिकी
after,बाद में
afternoon,दोपहर बाद
again,फिर से
against,के खिलाफ
age,आयु
agency,एजेंसी
agenda,डायरी
agent,प्रतिनिधि
aggressive,आक्रामक
ago,पहले
agree,सहमत होना
agreement,समझौता
agricultural,कृषि
ah,एएच
ahead,आगे
aid,मदद करता है
aide,सहायता
AIDS,एड्स
aim,प्यार
air,वायु
aircraft,हवाई जहाज
airline,एयरलाइन
airport,हवाई अड्डा
album,एल्बम
alcohol,शराब पीना
alive,जीवित
all,सब
alliance,संधि
allow,अनुमति
ally,मित्र
almost,लगभग
alone,अकेला
along,साथ–साथ
already,पहले से ही
also,भी
alter,एकांतर
alternative,विकल्प
although,यद्यपि
always,हमेशा
AM,पूर्वाह्न
amazing,बहुत बढ़िया
American,अमेरिकन
among,के बीच
amount,रकम
analysis,विश्लेषण
analyst,विश्लेषक
analyze,विश्लेषण
ancient,प्राचीन
and,तथा
anger,देवदूत
angle,कोण
angry,नाराज़
animal,जानवर
anniversary,सालगिरह
announce,की घोषणा
annual,सालाना
another,दूसरा
answer,जवाब
anticipate,पूर्वानुमान करना
anxiety,चिंता
any,कोई
anybody,कोई
anymore,इसके बाद
anyone,किसी को
anything,कुछ भी
anyway,वैसे भी
anywhere,कहीं भी
apart,अलग
apartment,अपार्टमेंट
apparent,प्रकट
apparently,जाहिरा तौर पर
appeal,अपील करना
appear,के जैसा लगना
appearance,दिखावट
apple,सेब
application,आवेदन पत्र
apply,लागू
appoint,अतिरिक्त
appointment,नियुक्ति
appreciate,सराहना
approach,दृष्टिकोण
appropriate,उचित
approval,अनुमोदन
approve,मंजूर
approximately,अंदाज़न
Arab,अरबी
architect,आर्किटेक्ट
area,क्षेत्र
argue,बहस करना
argument,बहस
arise,उठना
arm,हथियारों
armed,हथियारबंद
army,सेना
around,चारों ओर
arrange,व्यवस्थित करना
arrangement,व्यवस्था
arrest,गिरफ़्तार करना
arrival,आगमन
arrive,पहुंच गए
art,कला
article,लेख
artist,कलाकार
artistic,कलात्मक
as,ऐस
Asian,एशियाई
aside,अलग
ask,पूछना
asleep,सोना
aspect,पहलू
assault,हमला
assert,ज़ोर
assess,आकलन
assessment,मूल्यांकन
asset,संपत्ति
assign,सौंपना
assignment,कार्यभार
assist,सहायता देना
assistance,सहायता
assistant,सहायक
associate,संबंद्ध करना
association,संगठन
assume,मान लेना
assumption,कल्पना
assure,सुनिश्चित
at,किया
athlete,धावक
athletic,पुष्ट
atmosphere,वायुमंडल
attach,संलग्न करना
attack,हमला
attempt,कोशिश करना
attend,वेट्स
attention,चेतावनी
attitude,रवैया
attorney,प्रतिनिधि
attract,आकर्षित
attractive,आकर्षक
attribute,विशेषता
audience,श्रोता
author,लेखक
authority,प्राधिकरण
auto,गाड़ी
available,उपलब्ध
average,औसत
avoid,बचना
award,पुरस्कार
aware,अवगत
awareness,जागरूकता
away,दूर
awful,बहुत बढ़िया
baby,शिशु
back,पीछे
background,पार्श्वभूमि
bad,बुरा
badly,बुरी तरह
bag,थैला
bake,सेंकना
balance,संतुलन
ball,गेंद
ban,प्रतिबंध
band,बैंड
bank,बैंक
bar,छड़
barely,मुश्किल से
barrel,बैरल
barrier,बाधाओं
base,आधार
baseball,बेसबॉल
basic,बुनियादी
basically,मूल रूप से
basis,आधार
basket,बास्केटबाल
basketball,बास्केटबाल
bathroom,स्नानघर
battery,बैटरी
battle,युद्ध
be,होना
beach,सागरतट
bean,सेम
bear,सहना
beat,हराना
beautiful,सुंदर
beauty,सुंदरता
because,इसलिये
become,बनना
bed,बिस्तर
bedroom,शयनकक्ष
beer,बीयर
before,इससे पहले
begin,शुरू करना
beginning,शुरुआत
behavior,व्‍यवहार
behind,पीछे
being,प्राणी
belief,विश्वास
believe,मानना
bell,सुंदर
belong,संबंधित होना
below,नीचे
belt,बेल्ट
bench,बेंच
bend,झुकना
beneath,नीचे
benefit,फायदा
beside,पास
besides,के अतिरिक्त
best,श्रेष्ठ
bet,शर्त
better,बेहतर
between,के बीच
beyond,आगे
Bible,बाइबिल
big,बड़ा
bike,साइकिल
bill,बिल
billion,खरब
bind,बाँधना
biological,जैविक
bird,चिड़िया
birth,जन्म
birthday,जन्मदिन
bit,काटा
bite,मुर्गा
black,काला
blade,ब्लेड
blame,आरोप
blanket,कंबल
blind,अंधा
block,खंड मैथा
blood,रक्त
blow,फुंक मारा
blue,नीला
board,मंडल
boat,नाव
body,तन
bomb,बम
bombing,बम विस्फोट
bond,कूदना
bone,हड्डी
book,किताब
boom,बूम
boot,घुटनों तक पहने जाने वाले जूते
border,सीमा
born,पैदा होना
borrow,उधार
boss,रोब जमाना
both,दोनों
bother,परेशान करना
bottle,बोतल
bottom,नीचे
boundary,सीमा
bowl,कटोरा
box,डिब्बा
boy,लड़का
boyfriend,दोस्त
brain,दिमाग
branch,शाखा
brand,ब्रैंड
bread,रोटी
break,टूटना
breakfast,सुबह का नाश्ता
breast,स्तन
breath,साँस लेना
breathe,साँस लेना
brick,ब्रगि
bridge,पुल
brief,संक्षिप्त
briefly,संक्षिप्त
bright,चमकदार
brilliant,बहुत खूब
bring,लाओ
British,अंग्रेजों
broad,चौड़ा
broken,टूटी हुई
brother,भाई
brown,भूरा
brush,ब्रश
buck,बक
budget,बजट
build,बनाना
building,इमारत
bullet,गोली
bunch,गुच्छा
burden,बोझ
burn,जलाना
bury,दफ़नाना
bus,बस
business,व्यापार
busy,व्यस्त
but,उद्देश्य
butter,मक्खन
button,बटन
buy,खरीदना
buyer,क्रेता
by,द्वारा
cabin,केबिन
cabinet,कार्यालय
cable,केबल
cake,केक
calculate,calculate
call,बुलाना
camera,कैमरा
camp,शिविर
campaign,अभियान
campus,कैंपस
can,कर सकते हैं
Canadian,कैनेडियन
cancer,कैंसर
candidate,उम्मीदवार
cap,पाठ्यक्रम
capability,क्षमता
capable,काबिल
capacity,क्षमता
capital,राजधानी
captain,कप्तान
capture,कब्जा
car,इसलिये
carbon,कार्बन
card,कार्ड
care,ध्यान
career,करियर
careful,सावधान
carefully,सावधानी से
carrier,वाहक
carry,ले जाना
case,डिब्बा
cash,नकद
cast,फेंकना
cat,बिल्ली
catch,पकड़
category,श्रेणी
Catholic,कैथोलिक
cause,कारण
ceiling,छत
celebrate,जश्न
celebration,उत्सव
celebrity,सेलिब्रिटी
cell,कक्ष
center,केंद्र
central,केंद्रीय
century,सदी
CEO,सीईओ
ceremony,अनुष्ठानिक
certain,निश्चित
certainly,निश्चित रूप से
chain,जंजीर
chair,माँस
chairman,अध्यक्ष
challenge,चुनौती
chamber,शयनकक्ष
champion,चैंपियन
championship,चैंपियनशिप
chance,मोका
change,लेन देन
changing,बदलना
channel,चैनल
chapter,अध्याय
character,चरित्र
characteristic,विशेषता
characterize,विशेषताएँ
charge,शुल्क
charity,दान पुण्य
chart,चार्ट
chase,पीछा
cheap,सस्ता
check,जांच
cheek,गाल
cheese,पनीर
chef,मुखिया
chemical,रासायनिक
chest,छाती
chicken,मुर्गा
chief,नेता
child,बच्चा
childhood,बचपन
Chinese,चीनी
chip,चिप्स
chocolate,चॉकलेट
choice,पसंद
cholesterol,कोलेस्ट्रॉल
choose,चुनें
Christian,ईसाई
Christmas,क्रिसमस
church,गिरजाघर
cigarette,सिगरेट
circle,घेरा
circumstance,परिस्थिति
cite,उद्धृत
citizen,नागरिक
city,शहर
civil,नागरिक
civilian,असैनिक
claim,दावा
class,कक्षा
classic,क्लासिक
classroom,कक्षा
clean,स्वच्छ
clear,स्पष्ट
clearly,स्पष्ट रूप से
client,ग्राहक
climate,जलवायु
climb,चढना
clinic,क्लीनिकल
clinical,क्लीनिकल
clock,घड़ी
close,बंद करना
closely,निकट से
closer,करीब
clothes,कपड़े
clothing,कपड़े
cloud,बादलों
club,क्लब
clue,संकेत
cluster,झुंड
coach,प्रशिक्षक
coal,कोयला
coalition,गठबंधन
coast,तट
coat,परत
code,कोडित
coffee,कॉफ़ी
cognitive,संज्ञानात्मक
cold,ठंडा
collapse,गिर जाना
colleague,साथ काम करने वाला
collect,इकट्ठा करना
collection,संग्रह
collective,सामूहिक
college,मिडिल स्कूल
colonial,औपनिवेशिक
color,रंग
column,कॉलम
combination,संयोजन
combine,संयुक्त
come,पसंद करना
comedy,कॉमेडी
comfort,आरामदेह
comfortable,आरामदेह
command,आज्ञा
commander,गण
comment,कैसे? ‘या‘ क्या?
commercial,व्यावसायिक
commission,आयोग
commit,वादा करना
commitment,प्रतिबद्धता
committee,समिति
common,सामान्य
communicate,बातचीत करना
communication,संचार
community,समुदाय
company,कंपनी
compare,तुलना
comparison,तुलना
compete,पूरा
competition,मुकाबला
competitive,प्रतिस्पर्द्धी
competitor,प्रतियोगी
complain,शिकायत करना
complaint,विलाप
complete,पूरा
completely,पूरी तरह
complex,जटिल
complicated,उलझा हुआ
component,अवयव
compose,मिश्रण
composition,संयोजन
comprehensive,विस्तृत
computer,संगणक
concentrate,ध्यान केंद्रित करना
concentration,एकाग्रता
concept,संकल्पना
concern,सम्बंधित
concerned,शामिल
concert,संगीत समारोह
conclude,निष्कर्ष निकालना
conclusion,निष्कर्ष
concrete,ठोस
condition,स्थि‍ति
conduct,चलाना
conference,सम्मेलन
confidence,आत्मविश्वास
confident,विश्वासपात्र
confirm,की पुष्टि की
conflict,टकराव
confront,सामना होना
confusion,उलझन
Congress,कांग्रेस
congressional,कांग्रेस
connect,जुडिये
connection,संबंध
consciousness,चेतना
consensus,आम सहमति
consequence,नतीजा
conservative,अपरिवर्तनवादी
consider,विचार करना
considerable,विचारणीय
consideration,सोच–विचार
consist,बना होना
consistent,निहित होना
constant,लगातार
constantly,लगातार
constitute,गठित करना
constitutional,संवैधानिक
construct,निर्माण
construction,निर्माण
consultant,सलाहकार
consume,उपभोग करना
consumer,उपभोक्ता
consumption,उपभोग
contact,संपर्क Ajay करें
contain,रोकना
container,पात्र
contemporary,समकालीन
content,प्रसन्न
contest,प्रतियोगिता
context,पार्श्वभूमि
continue,जारी रखिए
continued,निरंतर
contract,अनुबंध
contrast,अंतर
contribute,योगदान देना
contribution,योगदान
control,नियंत्रण
controversial,विवादित
controversy,विवाद
convention,समझौता
conventional,पारंपरिक
conversation,बातचीत
convert,बदलना
conviction,दोषसिद्धि
convince,मनवाना
cook,बावर्ची
cookie,कुकीज़
cooking,खाना बनाना
cool,ठंडा
cooperation,सहयोग
cop,पुलिस
cope,सामना करना
copy,प्रतिलिपि
core,सार
corn,सींग
corner,कोना
corporate,निगमित
corporation,निगम
correct,सही
correspondent,अनुरूप
cost,लागत
cotton,कपास
couch,सोफ़ा
could,सकता है
council,परिषद
counselor,काउंसलर
count,गिनती करना
counter,विरोध करना
country,देश
county,काउंटी
couple,जोड़ा
courage,साहस
course,जाति
court,कम
cousin,चचेरा भाई
cover,ढकना
coverage,कवरेज
cow,गाय
crack,दरार
craft,शिल्प
crash,टकरा जाना
crazy,पागल
cream,मलाई
create,सृजन करना
creation,निर्माण
creative,रचनात्मक
creature,जंतु
credit,श्रेय
crew,कर्मी दल
crime,अपराध
criminal,आपराधिक
crisis,संकट
criteria,मानदंड
critic,समीक्षक
critical,नाजुक
criticism,आलोचना
criticize,आलोचना करना
crop,काटना
cross,पार
crowd,जन सैलाब
crucial,महत्वपूर्ण
cry,रोना
cultural,सांस्कृतिक
culture,संस्कृति
cup,कप
curious,जिज्ञासु
current,वर्तमान
currently,वर्तमान में
curriculum,पाठ्यक्रम
custom,रीति
customer,ग्राहक
cut,कट गया
cycle,चक्र
dad,पापा
daily,रोज
damage,क्षति
dance,नृत्य
danger,खतरा
dangerous,खतरनाक
dare,हिम्मत
dark,अँधेरा
darkness,अंधेरा
data,जानकारी
date,दिनांक
daughter,बेटी
day,दिन
dead,मृत
deal,सौदा
dealer,विक्रेता
dear,प्रिय
death,मौत
debate,बहस
debt,का कर्ज
decade,दशक
decide,तय करना
decision,फेसला
deck,जहाज़ की छत
declare,घोषित
decline,पतन
decrease,कमी
deep,गहरा
deeply,गहरा
deer,हिरन
defeat,हार
defend,रक्षा करना
defendant,प्रतिवादी
defense,रक्षा
defensive,बचाव
deficit,घाटा
define,परिभाषित करना
definitely,निश्चित रूप से
definition,परिभाषा
degree,डिग्री
delay,देरी
deliver,बाँटना
delivery,वितरण
demand,मांग
democracy,लोकतंत्र
Democrat,प्रजातंत्रवादी
democratic,लोकतांत्रिक
demonstrate,दिखाना
demonstration,प्रदर्शन
deny,अस्वीकार करना
department,विभाग
depend,निर्भर करना
dependent,आश्रित
depending,निर्भर करता है
depict,चित्रित
depression,डिप्रेशन
depth,गहराई
deputy,डिप्टी
derive,निकाले जाते हैं
describe,वर्णन करना
description,विवरण
desert,रेगिस्तान
deserve,योग्य होना
design,डिजाईन
designer,डिजाइनर
desire,इच्छा
desk,मेज़
desperate,बेकरार
despite,इसके बावजूद
destroy,नष्ट करना
destruction,विनाश
detail,विवरण
detailed,विस्तृत
detect,पता लगाना
determine,ठानना
develop,विकास करना
developing,विकसित होना
development,विकास
device,उपकरण
devote,समर्पित
dialogue,वार्ता
die,मरना
diet,आहार
differ,अलग होना
difference,अंतर
different,विभिन्न
differently,अलग ढंग से
difficult,कठिन
difficulty,कठिनाई
dig,गड्ढा करना
digital,डिजिटल
dimension,आयाम
dining,भोजन
dinner,रात का खाना
direct,प्रत्यक्ष
direction,दिशा
directly,सीधे
director,निर्देशक
dirt,गंध
dirty,गंदा
disability,विकलांगता
disagree,असहमत
disappear,गायब होना
disaster,आपदा
discipline,अनुशासन
discourse,प्रवचन
discover,खोज करना
discovery,खोज
discrimination,भेदभाव
discuss,चर्चा करें
discussion,बहस
disease,बीमारी
dish,व्यंजन
dismiss,नकार देना
disorder,विकार
display,दिखाना
dispute,विवाद
distance,दूरी
distant,दूरस्थ
distinct,अलग
distinction,भेद
distinguish,अंतर करना
distribute,बांटो
distribution,वितरण
district,जिला Seoni
diverse,विविध
diversity,विविधता
divide,विभाजित करना
division,विभाजन
divorce,तलाक
DNA,डीएनए
do,करना
doctor,चिकित्सक
document,दस्तावेज़
dog,कुत्ता
domestic,घरेलू
dominant,प्रभुत्व वाला
dominate,हावी होना
door,द्वार
double,दोहरा
doubt,शक
down,नीचे
downtown,शहर
dozen,दर्जन
draft,प्रारूप
drag,खींचें
drama,नाटक
dramatic,नाटकीय
dramatically,नाटकीय रूप से
draw,चित्र बनाना
drawing,चित्रकारी
dream,सपना
dress,पोशाक
drink,पीना
drive,चलाना
driver,चालक
drop,बूंद
drug,दवा
dry,सूखा
due,बकाया
during,दौरान
dust,धूल
duty,कर्तव्य
each,प्रत्येक
eager,आतुर
ear,कान
early,जल्दी
earn,कमाना
earnings,आय
earth,धरती
ease,आराम
easily,सरलता
east,पूर्व
eastern,पूर्व का
easy,आसान
eat,खाना खा लो
economic,आर्थिक
economics,अर्थशास्त्र
economist,अर्थशास्त्री
economy,अर्थव्यवस्था
edge,किनारा
edition,संस्करण
editor,संपादक
educate,शिक्षित
education,शिक्षा
educational,शिक्षात्मक
educator,शिक्षक
effect,प्रभाव
effective,प्रभावी
effectively,प्रभावी रूप से
efficiency,क्षमता
efficient,दक्ष
effort,कोशिश
egg,अंडा
eight,आठ
either,या
elderly,बुज़ुर्ग
elect,इलेक्ट्रोनिक
election,चुनाव
electric,बिजली
electricity,बिजली
electronic,इलेक्ट्रोनिक
element,तत्व
elementary,प्राथमिक
eliminate,हटाना
elite,अभिजात वर्ग
else,वरना
elsewhere,कहीं
e-mail,ईमेल
embrace,अपनाना
emerge,उभरना
emergency,आपातकालीन
emission,उत्सर्जन
emotion,भावना
emotional,भावनात्मक
emphasis,ज़ोर
emphasize,ज़ोर देना
employ,काम
employee,कर्मचारी
employer,नियोक्ता
employment,रोज़गार
empty,खाली
enable,सक्षम करना
encounter,मुठभेड़
encourage,प्रोत्साहित करना
end,समाप्त
enemy,शत्रु
energy,ऊर्जा
enforcement,प्रवर्तन
engage,व्यस्त रखना
engine,यन्त्र
engineer,इंजीनियर
engineering,अभियांत्रिकी
English,अंग्रेज़ी
enhance,बढ़ाना
enjoy,का आनंद लें
enormous,विशाल
enough,पर्याप्त
ensure,सुनिश्चित करना
enter,प्रवेश करना
enterprise,उद्यम
entertainment,मनोरंजन
entire,संपूर्ण
entirely,पूरी तरह से
entrance,प्रवेश
entry,प्रवेश
environment,वातावरण
environmental,पर्यावरण
episode,प्रकरण
equal,बराबर
equally,समान रूप से
equipment,उपकरण
era,युग
error,गलती
escape,बच निकलना
especially,विशेषकर
essay,निबंध
essential,ज़रूरी
essentially,अनिवार्य रूप से
establish,स्थापित करना
establishment,स्थापना
estate,जागीर
estimate,आकलन
etc,आदि
ethics,आचार विचार
ethnic,संजाति विषयक
European,यूरोपीय
evaluate,मूल्यांकन करना
evaluation,मूल्यांकन
even,यहाँ तक की
evening,शाम
event,प्रतिस्पर्धा
eventually,आखिरकार
ever,कभी
every,हर एक
everybody,हर कोई
everyday,हर दिन
everyone,हर कोई
everything,हर चीज़
everywhere,हर जगह
evidence,प्रमाण
evolution,क्रमागत उन्नति
evolve,विकसित होना
exact,सटीक
exactly,बिल्कुल
examination,इंतिहान
examine,की जांच
example,उदाहरण
exceed,सीमा पार करना
excellent,अति उत्कृष्ट
except,के अलावा
exception,अपवाद
exchange,लेन देन
exciting,रोमांचक
executive,कार्यपालक
exercise,व्यायाम
exhibit,दिखाना
exhibition,प्रदर्शनी
exist,मौजूद
existence,अस्तित्व
existing,मौजूदा
expand,विस्तार
expansion,विस्तार
expect,अपेक्षा करना
expectation,अपेक्षा
expense,व्यय
expensive,महंगा
experience,अनुभव
experiment,प्रयोग
expert,विशेषज्ञ
explain,समझाना
explanation,व्याख्या
explode,विस्फोट
explore,अन्वेषण करना
explosion,विस्फोट
expose,खुलासा
exposure,संसर्ग
express,अभिव्यक्त करना
expression,अभिव्यक्ति
extend,बढ़ाना
extension,विस्तार
extensive,बहुत बड़ा
extent,क्षेत्र
external,बाहरी
extra,अतिरिक्त
extraordinary,असाधारण
extreme,चरम
extremely,बहुत ज़्यादा
eye,आँख
fabric,कपड़ा
face,चेहरा
facility,सुविधा
fact,तथ्य
factor,कारक
factory,कारखाना
faculty,संकाय
fade,हल्का होना
fail,विफल
failure,असफलता
fair,निष्पक्ष
fairly,अच्छी तरह से
faith,आस्था
fall,गिरना
FALSE,असत्य
familiar,परिचित
family,परिवार
famous,प्रसिद्ध
fan,प्रशंसक
fantasy,कल्पना
far,दूर
farm,खेत
farmer,किसान
fashion,फ़ैशन
fast,तेज़
fat,मोटा
fate,भाग्य
father,पिता
fault,दोष
favor,पक्ष
favorite,पसंदीदा
fear,डर
feature,विशेषता
federal,संघीय
fee,शुल्क
feed,चारा
feel,अनुभव करना
feeling,भावना
fellow,साथी
female,महिला
fence,बाड़
few,कुछ
fewer,से कम
fiber,रेशा
fiction,उपन्यास
field,खेत
fifteen,पंद्रह
fifth,पांचवां
fifty,पचास
fight,लड़ाई
fighter,योद्धा
fighting,लड़ाई करना
figure,आकृति
file,फ़ाइल
fill,भरना
film,पतली परत
final,अंतिम
finally,आखिरकार
finance,वित्त
financial,वित्तीय
find,पाना
finding,खोज
fine,ठीक
finger,उँगलिया
finish,समाप्त
fire,आग
firm,दृढ़
first,पहला
fish,मछली
fishing,मछली पकड़ने
fit,उपयुक्त
fitness,स्वास्थ्य
five,पांच
fix,हल करना
flag,झंडा
flame,ज्योति
flat,समतल
flavor,स्वाद
flee,भागना
flesh,माँस
flight,उड़ान
float,पानी पर तैरना
floor,मंज़िल
flow,बहे
flower,फूल
fly,उड़ना
focus,केंद्र
folk,लोक
follow,पालन ​​करना
following,निम्नलिखित
food,भोजन
foot,पैर
football,फ़ुटबॉल
for,के लिये
force,ताकत
foreign,विदेशी
forest,वन
forever,उम्र भर
forget,भूल जाओ
form,प्रपत्र
formal,औपचारिक
formation,गठन
former,भूतपूर्व
formula,सूत्र
forth,आगे
fortune,सौभाग्य
forward,आगे
found,मिल गया
foundation,नींव
founder,संस्थापक
four,चार
fourth,चौथी
frame,चौखटा
framework,रूपरेखा
free,नि: शुल्क
freedom,स्वतंत्रता
freeze,जमाना
French,फ्रेंच
frequency,आवृत्ति
frequent,अक्सर
frequently,बार–बार
fresh,ताज़ा
friend,दोस्त
friendly,दोस्ताना
friendship,मित्रता
from,से
front,सामने
fruit,फल
frustration,निराशा
fuel,ईंधन
full,भरा हुआ
fully,पूरी तरह से
fun,मज़ा
function,समारोह
fund,निधि
fundamental,मौलिक
funding,वित्त पोषण
funeral,मैयत
funny,मज़ेदार
furniture,फर्नीचर
furthermore,आगे
future,भविष्य
gain,बढ़त
galaxy,आकाशगंगा
gallery,गेलरी
game,खेल
gang,गिरोह
gap,अंतर
garage,गराज
garden,बगीचा
garlic,लहसुन
gas,गैस
gate,दरवाज़ा
gather,इकट्ठा करना
gay,समलैंगिक
gaze,निगाहें
gear,गियर
gender,लिंग
gene,जीन
general,सामान्य
generally,आम तौर पर
generate,बनाना
generation,पीढ़ी
genetic,जेनेटिक
gentleman,सज्जन
gently,धीरे
German,जर्मन
gesture,हाव–भाव
get,प्राप्त
ghost,भूत
giant,बहुत बड़ा
gift,उपहार
gifted,प्रतिभाशाली
girl,लड़की
girlfriend,दोस्त
give,देना
given,दिया गया
glad,प्रसन्न
glance,नज़र
glass,कांच
global,वैश्विक
glove,दस्ताना
go,जाओ
goal,लक्ष्य
God,भगवान
gold,सोना
golden,स्वर्ण
golf,गोल्फ़
good,अच्छा
government,सरकार
governor,राज्यपाल
grab,लपकना
grade,श्रेणी
gradually,धीरे–धीरे
graduate,स्नातक
grain,अनाज
grand,बड़ा
grandfather,दादा
grandmother,दादी मा
grant,देना
grass,घास
grave,गंभीर
gray,स्लेटी
great,महान
greatest,महानतम
green,हरा
grocery,किराना
ground,मैदान
group,समूह
grow,बढ़ना
growing,बढ़ रही है
growth,वृद्धि
guarantee,गारंटी
guard,रक्षक
guess,अनुमान लगाना
guest,अतिथि
guide,मार्गदर्शक
guideline,दिशानिर्देश
guilty,अपराधी
gun,बंदूक
guy,लोग
habit,आदत
habitat,प्राकृतिक वास
hair,केश
half,आधा
hall,बड़ा कमरा
hand,हाथ
handful,मुट्ठी
handle,सँभालना
hang,टांगना
happen,होना
happy,प्रसन्न
hard,कठिन
hardly,मुश्किल से
hat,टोपी
hate,नफ़रत करना
have,पास होना
he,वह
head,सिर
headline,शीर्षक
headquarters,मुख्यालय
health,स्वास्थ्य
healthy,स्वस्थ
hear,सुनो
hearing,सुनवाई
heart,हृदय
heat,गर्मी
heaven,स्वर्ग
heavily,भारी
heavy,अधिक वज़नदार
heel,एड़ी
height,कद
helicopter,हेलीकॉप्टर
hell,नरक
hello,नमस्ते
help,मदद करना
helpful,मददगार
her,उसकी
here,यहां
heritage,विरासत
hero,नायक
herself,स्वयं
hey,अरे
hi,नमस्ते
hide,छिपाना
high,उच्च
highlight,प्रमुखता से दिखाना
highly,अत्यधिक
highway,हाइवे
hill,पहाड़ी
him,उसे
himself,वह स्वयं
hip,कूल्हा
hire,किराये पर लेना
his,उसके
historian,इतिहासकार
historic,ऐतिहासिक
historical,ऐतिहासिक
history,इतिहास
hit,मारो
hold,पकड़
hole,छेद
holiday,छुट्टी का दिन
holy,पवित्र
home,घर
homeless,बेघर
honest,ईमानदार
honey,शहद
honor,सम्मान
hope,आशा
horizon,क्षितिज
horror,डरावना
horse,घोड़ा
hospital,अस्पताल
host,मेज़बान
hot,गरम
hotel,होटल
hour,घंटा
house,मकान
household,परिवार
housing,आवास
how,कैसे
however,हालांकि
huge,विशाल
human,मानव
humor,हास्य
hundred,सौ
hungry,भूखा
hunter,शिकारी
hunting,शिकार करना
hurt,आहत
husband,पति
hypothesis,परिकल्पना
I,मैं
ice,बर्फ
idea,विचार
ideal,आदर्श
identification,पहचान
identify,पहचानना
identity,पहचान
ie,अर्थात
if,यदि
ignore,नज़रअंदाज़ करना
ill,बीमार
illegal,गैरकानूनी
illness,बीमारी
illustrate,उदाहरण देकर स्पष्ट करना
image,छवि
imagination,कल्पना
imagine,कल्पना करना
immediate,तुरंत
immediately,तुरंत
immigrant,आप्रवासी
immigration,अप्रवासन
impact,प्रभाव
implement,अमल में लाना
implication,निहितार्थ
imply,मतलब
importance,महत्त्व
important,महत्वपूर्ण
impose,थोपना
impossible,असंभव
impress,प्रभावित करना
impression,प्रभाव जमाना
impressive,प्रभावशाली
improve,सुधारें
improvement,सुधार
in,में
incentive,प्रोत्साहन
incident,घटना
include,शामिल
including,समेत
income,आय
incorporate,शामिल
increase,बढ़ोतरी
increased,बढ़ी हुई
increasing,की बढ़ती
increasingly,तेजी से
incredible,अविश्वसनीय
indeed,वास्तव में
independence,आजादी
independent,स्वतंत्र
index,अनुक्रमणिका
Indian,भारतीय
indicate,संकेत देना
indication,संकेत
individual,व्यक्तिगत
industrial,औद्योगिक
industry,उद्योग
infant,बच्चा
infection,संक्रमण
inflation,मुद्रा स्फ़ीति
influence,प्रभाव
inform,बताना
information,जानकारी
ingredient,घटक
initial,शुरुआती
initially,शुरू में
initiative,पहल
injury,चोट
inner,भीतरी
innocent,मासूम
inquiry,जाँच करना
inside,अंदर
insight,अंतर्दृष्टि
insist,ज़ोर देना
inspire,प्रेरित करना
install,इंस्टॉल
instance,उदाहरण
instead,बजाय
institution,संस्थान
institutional,संस्थागत
instruction,अनुदेश
instructor,प्रशिक्षक
instrument,वाद्य यंत्र
insurance,बीमा
intellectual,बौद्धिक
intelligence,बुद्धि
intend,इरादा रखना
intense,गहन
intensity,तीव्रता
intention,इरादा
interaction,परस्पर क्रिया
interest,रुचि
interested,दिलचस्पी लेने वाला
interesting,दिलचस्प
internal,आंतरिक
international,अंतरराष्ट्रीय
Internet,इंटरनेट
interpret,व्याख्या करना
interpretation,व्याख्या
intervention,हस्तक्षेप
interview,साक्षात्कार
into,में
introduce,परिचय देना
introduction,परिचय
invasion,आक्रमण
invest,निवेश करना
investigate,छान – बीन करना
investigation,जाँच पड़ताल
investigator,अन्वेषक
investment,निवेश
investor,इन्वेस्टर
invite,आमंत्रित करना
involve,शामिल होना
involved,शामिल
involvement,भागीदारी
Iraqi,इराक
Irish,आयरिश
iron,लोहा
Islamic,इस्लामी
island,द्वीप
Israeli,इजरायल
issue,मुद्दा
it,यह
Italian,इतालवी
item,वस्तु
its,इसका
itself,अपने आप
jacket,जैकेट
jail,जेल
Japanese,जापानी
jet,जेट
Jew,यहूदी
Jewish,यहूदी
job,काम
join,जोड़ना
joint,संयुक्त
joke,मज़ाक
journal,पत्रिका
journalist,पत्रकार
journey,सफ़र
joy,हर्ष
judge,न्यायाधीश
judgment,प्रलय
juice,रस
jump,कूदना
junior,कनिष्ठ
jury,पंचायत
just,अभी–अभी
justice,न्याय
justify,न्यायोचित ठहराना
keep,रखना
key,चाभी
kick,लात
kid,बच्चा
kill,मारना
killer,हत्यारा
killing,मारना
kind,मेहरबान
king,राजा
kiss,चुम्मा
kitchen,रसोईघर
knee,घुटना
knife,चाकू
knock,दस्तक
know,जानना
knowledge,ज्ञान
lab,प्रयोगशाला
label,लेबल
labor,श्रम
laboratory,प्रयोगशाला
lack,कमी
lady,महिला
lake,झील
land,भूमि
landscape,परिदृश्य
language,भाषा: हिन्दी
lap,गोद
large,विशाल
largely,काफी हद तक
last,अंतिम
late,स्वर्गीय
later,बाद में
Latin,लैटिन
latter,बाद वाला
laugh,हंसना
launch,प्रक्षेपण
law,कानून
lawn,घास का मैदान
lawsuit,मुकदमा
lawyer,वकील
lay,धूल में मिलना
layer,परत
lead,प्रमुख
leader,नेता
leadership,नेतृत्व
leading,प्रमुख
leaf,पत्ती
league,संघ
lean,दुबला
learn,सीखना
learning,सीख रहा हूँ
least,कम से कम
leather,चमड़ा
leave,छुट्टी
left,बाएं
leg,टांग
legacy,विरासत
legal,कानूनी
legend,दंतकथा
legislation,विधान
legitimate,वैध
lemon,नींबू
length,लंबाई
less,कम
lesson,पाठ
let,होने देना
letter,पत्र
level,स्तर
liberal,उदारवादी
library,पुस्तकालय
license,लाइसेंस
lie,लेट जाना
life,जिंदगी
lifestyle,जीवन शैली
lifetime,जीवन काल
lift,उठाना
light,रोशनी
like,पसंद करना
likely,संभावित
limit,सीमा
limitation,परिसीमन
limited,सीमित
line,रेखा
link,संपर्क
lip,ओंठ
list,सूची
listen,सुनना
literally,वस्तुत:
literary,साहित्यिक
literature,साहित्य
little,थोड़ा
live,लाइव
living,जीविका
load,भार
loan,ऋृण
local,स्थानीय
locate,का पता लगाने
location,स्थान
lock,ताला
long,लंबा
long-term,दीर्घकालिक
look,देखना
loose,ढीला
lose,खोना
loss,हानि
lost,गुम हो गया
lot,बहुत
lots,बहुत सारे
loud,ऊँचा स्वर
love,प्यार
lovely,प्यारा
lover,प्रेम करनेवाला
low,कम
lower,निचला
luck,भाग्य
lucky,भाग्यशाली
lunch,दोपहर का भोजन
lung,फेफड़ा
machine,मशीन
mad,पागल
magazine,पत्रिका
mail,मेल
main,मुख्य
mainly,में मुख्य
maintain,बनाए रखना
maintenance,भरण पोषण
major,मेजर
majority,बहुलता
make,बनाना
maker,निर्माता
makeup,पूरा करना
male,नर
mall,मॉल
man,आदमी
manage,प्रबंधित करना
management,प्रबंधन
manager,प्रबंधक
manner,तौर–तरीका
manufacturer,उत्पादक
manufacturing,उत्पादन
many,बहुत सा
map,नक्शा
margin,अंतर
mark,निशान
market,मंडी
marketing,विपणन
marriage,विवाह
married,विवाहित
marry,शादी कर
mask,मुखौटा
mass,द्रव्यमान
massive,बड़ा
master,मालिक
match,मिलान
material,सामग्री
math,गणित
matter,मामला
may,मई
maybe,शायद
mayor,महापौर
me,मुझे
meal,भोजन
mean,अर्थ
meaning,अर्थ
meanwhile,इस दौरान
measure,मापना
measurement,माप
meat,मांस
mechanism,तंत्र
media,मीडिया
medical,चिकित्सा
medication,दवाई
medicine,दवा
medium,मध्यम
meet,मिलना
meeting,बैठक
member,सदस्य
membership,सदस्यता
memory,स्मृति
mental,मानसिक
mention,उल्लेख
menu,मेन्यू
mere,मात्र
merely,सिर्फ़
mess,गड़बड़
message,संदेश
metal,धातु
meter,मीटर
method,तरीका
Mexican,मैक्सिकन
middle,मध्यम
might,ताकत
military,सैन्य
milk,दूध
million,दस लाख
mind,मन
mine,मेरा
minister,मंत्री
minor,नाबालिग
minority,अल्पसंख्यक
minute,मिनट
miracle,चमत्कार
mirror,दर्पण
miss,कुमारी
missile,मिसाइल
mission,मिशन
mistake,गलती
mix,मिक्स
mixture,मिश्रण
mm-hmm,मिमी–हम्म
mode,तरीका
model,नमूना
moderate,संतुलित
modern,आधुनिक
modest,मामूली
mom,मां
moment,पल
money,पैसे
monitor,निगरानी करना
month,महीना
mood,मनोदशा
moon,चांद
moral,नैतिक
more,अधिक
moreover,इसके अतिरिक्त
morning,प्रभात
mortgage,गिरवी रखना
most,अधिकांश
mostly,अधिकतर
mother,मां
motion,गति
motivation,प्रेरणा
motor,मोटर
mount,पर्वत
mountain,पहाड़
mouse,चूहा
mouth,मुँह
move,कदम
movement,गति
movie,चलचित्र
Mr,श्री
Mrs,श्रीमती
Ms,एमएस
much,अधिकता
multiple,विभिन्न
murder,हत्या
muscle,मांसपेशी
museum,संग्रहालय
music,संगीत
musical,संगीत
musician,संगीतकार
Muslim,मुसलमान
must,ज़रूरी
mutual,परस्पर
my,मेरे
myself,खुद
mystery,रहस्य
myth,कल्पित कथा
naked,नंगा
name,नाम
narrative,कथा
narrow,संकीर्ण
nation,राष्ट्र
national,राष्ट्रीय
native,देशी
natural,प्राकृतिक
naturally,सहज रूप में
nature,प्रकृति
near,पास
nearby,आस–पास
nearly,लगभग
necessarily,आवश्यक रूप से
necessary,ज़रूरी
neck,गरदन
need,जरुरत
negative,नकारात्मक
negotiate,मोल–भाव करना
negotiation,बातचीत
neighbor,पड़ोसी
neighborhood,अड़ोस–पड़ोस
neither,न
nerve,नस
nervous,बे चै न
net,जाल
network,नेटवर्क
never,कभी नहीँ
nevertheless,फिर भी
new,नया
newly,नए नए
news,समाचार
newspaper,अखबार
next,अगला
nice,अच्छा
night,रात
nine,नौ
no,नहीं
nobody,कोई नहीं
nod,सिर हिलाकर सहमति देना
noise,शोर
nomination,नामांकन
none,कोई भी नहीं
nonetheless,बहरहाल
nor,न
normal,सामान्य
normally,सामान्य रूप से
north,उत्तर
northern,उत्तरी
nose,नाक
not,नहीं
note,टिप्पणी
nothing,कुछ नहीं
notice,सूचना
notion,धारणा
novel,उपन्यास
now,अभी व
nowhere,कहीं भी नहीं
n’t,नहीं
nuclear,नाभिकीय
number,संख्या
numerous,बहुत
nurse,देखभाल करना
nut,कड़े छिलके वाला फल
object,वस्तु
objective,उद्देश्य
obligation,बाध्यता
observation,अवलोकन
observe,निरीक्षण करना
observer,देखने वाला
obtain,प्राप्त
obvious,ज़ाहिर
obviously,स्पष्टतः
occasion,अवसर
occasionally,कभी–कभी
occupation,व्यवसाय
occupy,पर कब्जा
occur,घटित होना
ocean,सागर
odd,अजीब
odds,कठिनाइयाँ
of,का
off,बंद
offense,अपराध
offensive,आक्रामक
offer,प्रस्ताव
office,कार्यालय
officer,अफ़सर
official,अधिकारी
often,अक्सर
oh,ओह
oil,तेल
ok,ठीक है
okay,ठीक है
old,पुराना
Olympic,ओलिंपिक
on,पर
once,एक बार
one,एक
ongoing,चल रहे
onion,प्याज़
online,ऑनलाइन
only,केवल
onto,पर
open,खोलना
opening,प्रारंभिक
operate,संचालित
operating,ऑपरेटिंग
operation,संचालन
operator,ऑपरेटर
opinion,राय
opponent,प्रतिद्वंद्वी
opportunity,अवसर
oppose,का विरोध
opposite,विलोम
opposition,विरोध
option,विकल्प
or,या
orange,संतरा
order,गण
ordinary,साधारण
organic,कार्बनिक
organization,संगठन
organize,व्यवस्थित
orientation,अभिविन्यास
origin,मूल
original,मूल
originally,मौलिक रूप से
other,अन्य
others,अन्य
otherwise,अन्यथा
ought,चाहिए
our,हमारी
ourselves,हम स्वयं
out,बाहर
outcome,नतीजा
outside,बाहर
oven,तंदूर
over,ऊपर
overall,कुल मिलाकर
overcome,काबू पाना
overlook,ओवरलुक
owe,देनदार होना
own,अपना
owner,मालिक
pace,गति
pack,सामान बाँधना
package,पैकेट
page,पृष्ठ
pain,दर्द
painful,दर्दनाक
paint,रंग
painter,चित्रकार
painting,चित्र
pair,जोड़ा
pale,फीका
Palestinian,फ़िलिस्तीनी
palm,हथेली
pan,बरतन
panel,पैनल
pant,पंत
paper,कागज़
parent,माता–पिता
park,पार्क
parking,पार्किंग
part,अंश
participant,प्रतिभागी
participate,भाग लेना
participation,भाग लेना
particular,विशिष्ट
particularly,विशेषतया
partly,आंशिक रूप में
partner,साथी
partnership,साझेदारी
party,समारोह
pass,रास्ता
passage,रास्ता
passenger,यात्री
passion,जोश
past,अतीत
patch,पैबंद
path,रास्ता
patient,रोगी
pattern,नमूना
pause,रोकना
pay,भुगतान करना
payment,भुगतान
PC,पीसी
peace,शांति
peak,शिखर
peer,समकक्ष
penalty,दंड
people,लोग
pepper,मिर्च
per,प्रति
perceive,समझना
percentage,प्रतिशत
perception,अनुभूति
perfect,उत्तम
perfectly,पूरी तरह से
perform,अभिनय करना
performance,प्रदर्शन
perhaps,शायद
period,अवधि
permanent,स्थायी
permission,अनुमति
permit,आज्ञा देना
person,व्यक्ति
personal,व्यक्तिगत
personality,व्यक्तित्व
personally,व्यक्तिगत रूप से
personnel,कार्मिक
perspective,परिप्रेक्ष्य
persuade,राज़ी करना
pet,पालतू
phase,अवस्था
phenomenon,तथ्य
philosophy,दर्शन
phone,फ़ोन
photo,तस्वीर
photograph,फोटो
photographer,फोटोग्राफर
phrase,मुहावरा
physical,शारीरिक
physically,शारीरिक रूप से
physician,चिकित्सक
piano,पियानो
pick,चुनना
picture,चित्र
pie,पाई
piece,टुकड़ा
pile,बवासीर
pilot,पायलट
pine,देवदार
pink,गुलाबी
pipe,पाइप
pitch,पिच
place,स्थान
plan,योजना
plane,विमान
planet,ग्रह
planning,योजना
plant,पौधा
plastic,प्लास्टिक
plate,तश्तरी
platform,प्लैटफ़ॉर्म
play,प्ले Play
player,खिलाड़ी
please,कृपया
pleasure,आनंद
plenty,खूब
plot,भूखंड
plus,प्लस
PM,बजे
pocket,जेब
poem,कविता
poet,कवि
poetry,शायरी
point,बिंदु
pole,खंभा
police,पुलिस
policy,नीति
political,राजनीतिक
politically,राजनीतिक
politician,राजनीतिज्ञ
politics,राजनीति
poll,मतदान
pollution,प्रदूषण
pool,पोखर
poor,गरीब
pop,पॉप
popular,लोकप्रिय
population,आबादी
porch,बरामदा
port,बंदरगाह
portion,हिस्से
portrait,चित्र
portray,चित्रकला
pose,खड़ा करना
position,स्थान
positive,सकारात्मक
possess,धारण करना
possibility,संभावना
possible,संभव के
possibly,संभवत:
post,पद
pot,मटका
potato,आलू
potential,संभावना
potentially,संभावित
pound,पाउंड
pour,बहना
poverty,गरीबी
powder,पाउडर
power,शक्ति
powerful,ताकतवर
practical,व्यावहारिक
practice,अभ्यास
pray,प्रार्थना करना
prayer,प्रार्थना
precisely,यकीनन
predict,भविष्यवाणी करना
prefer,वरीयता देना
preference,पसंद
pregnancy,गर्भावस्था
pregnant,गर्भवती
preparation,तैयारी
prepare,तैयार
prescription,नुस्खा
presence,उपस्थिति
present,वर्तमान
presentation,प्रस्तुतीकरण
preserve,रक्षित
president,राष्ट्रपति
presidential,अध्यक्षीय
press,दबाएँ
pressure,दबाव
pretend,दिखावा करना
pretty,सुंदर
prevent,रोकना
previous,पिछला
previously,इससे पहले
price,कीमत
pride,गौरव
priest,पुजारी
primarily,प्रमुख रूप से
primary,मुख्य
prime,प्रधान
principal,प्रधानाचार्य
principle,सिद्धांत
print,प्रिंट
prior,पूर्व
priority,वरीयता
prison,कारागार
prisoner,बंदी
privacy,गोपनीयता
private,निजी
probably,संभवत
problem,संकट
procedure,प्रक्रिया
proceed,आगे बढ़ना
process,प्रक्रिया
produce,उत्पाद
producer,निर्माता
product,उत्पाद
production,उत्पादन
profession,पेशा
professional,पेशेवर
professor,प्रोफ़ेसर
profile,प्रोफ़ाइल
profit,फायदा
program,कार्यक्रम
progress,प्रगति
project,परियोजना
prominent,प्रमुख
promise,पक्का वादा
promote,को बढ़ावा देना
prompt,तत्पर
proof,सबूत
proper,उचित
properly,अच्छी तरह से
property,संपत्ति
proportion,अनुपात
proposal,प्रस्ताव
propose,प्रस्ताव
proposed,प्रस्तावित
prosecutor,अभियोक्ता
prospect,आशा
protect,रक्षा करना
protection,संरक्षण
protein,प्रोटीन
protest,विरोध
proud,गर्व
prove,सिद्ध करना
provide,प्रदान करना
provider,प्रदाता
province,प्रांत
provision,प्रावधान
psychological,मनोवैज्ञानिक
psychologist,मनोविज्ञानी
psychology,मनोविज्ञान
public,जनता
publication,प्रकाशन
publicly,सार्वजनिक रूप
publish,प्रकाशित करना
publisher,प्रकाशक
pull,खींचना
punishment,सज़ा
purchase,खरीद फरोख्त
pure,शुद्ध
purpose,उद्देश्य
pursue,पाने की कोशिश करना
push,धकेलना
put,रखना
qualify,अर्हता
quality,गुणवत्ता
quarter,त्रिमास
quarterback,क्वार्टरबैक
question,प्रश्न
quick,झटपट
quickly,तुरंत
quiet,चुप
quietly,चुपचाप
quit,छोड़ना
quite,पूर्णतया
quote,उद्धरण
race,जाति
racial,जातीय
radical,मौलिक
radio,रेडियो
rail,रेल
rain,वर्षा
raise,उठाना
range,सीमा
rank,पद
rapid,तेज़
rapidly,तेज़ी से
rare,दुर्लभ
rarely,कभी–कभार
rate,भाव
rather,बल्कि
rating,रेटिंग
ratio,अनुपात
raw,कच्चा
reach,पहुंच
react,प्रतिक्रिया
reaction,प्रतिक्रिया
read,पढ़ना
reader,रीडर
reading,पढ़ना
ready,तैयार
real,वास्तविक
reality,यथार्थ बात
realize,समझना
really,वास्तव में
reason,कारण
reasonable,तर्कसंगत
recall,याद करना
receive,प्राप्त करना
recent,हाल ही का
recently,हाल ही में
recipe,विधि
recognition,मान्यता
recognize,पहचानना
recommend,अनुशंसा करना
recommendation,सिफ़ारिश करना
record,अभिलेख
recording,रिकॉर्डिंग
recover,वापस पाना
recovery,स्वास्थ्य लाभ
recruit,रंगरूट
red,लाल
reduce,कम करना
reduction,कमी
refer,उद्घृत करना
reference,संदर्भ
reflect,प्रतिबिंबित होना
reflection,प्रतिबिंब
reform,सुधार
refugee,शरणार्थी
refuse,इनकार
regard,संबद्ध
regarding,संबंधित
regardless,ध्यान दिए बिना
regime,प्रशासन
region,क्षेत्र
regional,क्षेत्रीय
register,रजिस्टर करें
regular,नियमित
regularly,नियमित तौर पर
regulate,विनियमित
regulation,विनियमन
reinforce,सुदृढ़
reject,अस्वीकार
relate,संबद्ध करना
relation,संबंध
relationship,रिश्ता
relative,रिश्तेदार
relatively,अपेक्षाकृत
relax,आराम करना
release,रिहाई
relevant,से मिलता जुलता
relief,राहत
religion,धर्म
religious,धार्मिक
rely,भरोसा करना
remain,अवशेष
remaining,बचा हुआ
remarkable,उत्कृष्ट
remember,याद करना
remind,याद दिलाना
remote,दूर
remove,हटाना
repeat,दोहराना
repeatedly,बार बार
replace,बदलने के
reply,जवाब दे दो
report,रिपोर्ट good
reporter,रिपोर्टर
represent,प्रतिनिधित्व करना
representation,प्रतिनिधित्व
representative,प्रतिनिधि
Republican,रिपब्लिकन
reputation,प्रतिष्ठा
request,अनुरोध
require,ज़रूरत होना
requirement,मांग
research,अनुसंधान
researcher,शोधकर्ता
resemble,समान होना
reservation,आरक्षण
resident,निवासी
resist,विरोध
resistance,प्रतिरोध
resolution,संकल्प
resolve,हल करना
resort,सहारा लेना
resource,संसाधन
respect,आदर
respond,जवाब देना
respondent,प्रतिवादी
response,जवाब
responsibility,ज़िम्मेदारी
responsible,उत्तरदायी
rest,विश्राम
restaurant,रेस्टोरेंट
restore,पुनर्स्थापित करना
restriction,बंधन
result,नतीजा
retain,बनाए रखना
retire,रिटायर
retirement,निवृत्ति
return,वापसी
reveal,प्रकट करना
revenue,आय
review,समीक्षा
revolution,क्रांति
rhythm,ताल
rice,चावल
rich,धनी
rid,छुटकारा पाना
ride,सवारी
rifle,राइफल
right,सही
ring,अंगूठी
rise,वृद्धि
risk,जोखिम
river,नदी
road,सड़क
rock,चट्टान
role,भूमिका
roll,घूमना
romantic,प्रेम प्रसंगयुक्त
roof,छत
room,कमरा
root,जड़
rope,रस्सी
rose,गुलाब
rough,खुरदुरा
roughly,अंदाज़न
round,गोल
route,रास्ता
routine,रूटीन
row,पंक्ति
rub,रगड़ना
rule,नियम
run,दौड़ना
running,दौड़ना
rural,ग्रामीण
rush,जल्दबाज़ी करना
Russian,रूसी
sacred,पवित्र
sad,उदास
safe,सुरक्षित
safety,सुरक्षा
sake,खातिर
salad,सलाद
salary,वेतन
sale,बिक्री
sales,बिक्री
salt,नमक
same,वही
sample,नमूना
sanction,प्रतिबंध
sand,रेत
satellite,उपग्रह
satisfaction,संतुष्टि
satisfy,संतुष्ट करना
sauce,चटनी
save,सहेजें
saving,सहेजा जा रहा है
say,कहो
scale,पैमाना
scandal,कांड
scared,डरा हुआ
scenario,परिदृश्य
scene,दृश्य
schedule,अनुसूची
scheme,योजना
scholar,पंडित
scholarship,छात्रवृत्ति
school,स्कूल
science,विज्ञान
scientific,वैज्ञानिक
scientist,वैज्ञानिक
scope,दायरा
score,अंक
scream,चीख
screen,स्क्रीन
script,लिखी हुई कहानी
sea,समुद्र
search,तलाशी
season,मौसम
seat,सीट
second,दूसरा
secret,गुप्त
secretary,सचिव
section,खंड
sector,क्षेत्र
secure,सुरक्षित
security,सुरक्षा
see,देखना
seed,बीज
seek,मांगना
seem,प्रतीत होना
segment,खंड
seize,को जब्त
select,चुनते हैं
selection,चयन
self,खुद
sell,बेचना
Senate,प्रबंधकारिणी समिति
senator,सीनेटर
send,भेजना
senior,वरिष्ठ
sense,विवेक
sensitive,संवेदनशील
sentence,वाक्य
separate,अलग
sequence,क्रम
series,श्रृंखला
serious,गंभीर
seriously,गंभीरता से
serve,सेवा कर
service,सर्विस
session,सत्र
set,समूह
setting,स्थापना
settle,निपटारा करना
settlement,समझौता
seven,सात
several,कई
severe,गंभीर
sex,लिंग
sexual,यौन
shade,छाया
shadow,साया
shake,हिलाना
shall,करेगा
shape,आकार
share,शेयर करना
sharp,तीखा
she,वह
sheet,चादर
shelf,दराज
shell,सीप
shelter,आश्रय
shift,खिसक जाना
shine,चमक
ship,समुंद्री जहाज
shirt,शर्ट
shit,मल
shock,झटका
shoe,जूता
shoot,गोली मार
shooting,शूटिंग
shop,दुकान
shopping,खरीदारी
shore,किनारा
short,कम
shortly,कुछ ही देर में
shot,गोली मारना
should,चाहिए
shoulder,कंधा
shout,चिल्लाना
show,प्रदर्शन
shower,बौछार
shrug,कंधे उचकाने की क्रिया
shut,बंद करना
sick,बीमार
side,पक्ष
sigh,साँस
sight,दृश्य
sign,संकेत
signal,संकेत
significance,महत्व
significant,महत्वपूर्ण
significantly,काफी
silence,शांति
silent,चुपचाप
silver,चांदी
similar,एक जैसा
similarly,उसी प्रकार
simple,सरल
simply,केवल
sin,पाप
since,जबसे
sing,गाओ
singer,गायक
single,एक
sink,डूबना
sir,महोदय
sister,बहन
sit,बैठिये
site,साइट
situation,परिस्थिति
six,छह
size,आकार
ski,स्की
skill,कौशल
skin,त्वचा
sky,आकाश
slave,दास
sleep,सोना
slice,टुकड़ा
slide,फिसल पट्टी
slight,थोड़ा
slightly,थोड़ा
slip,पर्ची
slow,धीमा
slowly,धीरे से
small,छोटा
smart,होशियार
smell,महक
smile,मुस्कुराओ
smoke,धुआँ
smooth,चिकना
snap,चटकाना
snow,बर्फ
so,इसलिए
so-called,तथाकथित
soccer,फ़ुटबॉल
social,सामाजिक
society,समाज
soft,मुलायम
software,सॉफ़्टवेयर
soil,धरती
solar,सौर
soldier,फोजी
solid,ठोस
solution,समाधान
solve,हल करना
some,कुछ
somebody,कोई
somehow,किसी न किसी तरह
someone,कोई तो
something,कुछ
sometimes,कभी–कभी
somewhat,कुछ हद तक
somewhere,कहीं
son,बेटा
song,गाना
soon,जल्द ही
sophisticated,परिष्कृत
sorry,माफ़ करना
sort,क्रम से लगाना
soul,आत्मा
sound,ध्वनि
soup,शोरबा
source,स्रोत
south,दक्षिण
southern,दक्षिण
Soviet,सोवियत
space,अंतरिक्ष
Spanish,स्पैनिश
speak,बोलना
speaker,वक्ता
special,विशेष
specialist,SPECIALIST
species,प्रजातियाँ
specific,विशिष्ट
specifically,विशेष रूप से
speech,भाषण
speed,रफ़्तार
spend,खर्च करते हैं
spending,खर्च
spin,घुमाना
spirit,आत्मा
spiritual,आध्यात्मिक
split,विभाजित करना
spokesman,प्रवक्ता
sport,खेल
spot,स्थान
spread,फैला हुआ
spring,वसंत
square,वर्ग
squeeze,निचोड़ना
stability,स्थिरता
stable,स्थिर
staff,कर्मचारी
stage,मंच
stair,सीढ़ी
stake,दांव लगाना
stand,स्टैंड
standard,मानक
standing,खड़ा है
star,सितारा
stare,एकटक देखना
start,प्रारंभ
state,राज्य
statement,बयान
station,स्टेशन
statistics,आंकड़े
status,दर्जा
stay,रहना
steady,नियमित
steal,चुराना
steel,इस्पात
step,कदम
stick,छड़ी
still,फिर भी
stir,हलचल
stock,भण्डार
stomach,पेट
stone,पथरी
stop,विराम
storage,भंडारण
store,दुकान
storm,आंधी
story,कहानी
straight,सीधा
strange,अनोखा
stranger,अजनबी
strategic,सामरिक
strategy,रणनीति
stream,धारा
street,सड़क
strength,ताकत
strengthen,को मजबूत
stress,तनाव
stretch,फैलाव
strike,धरना
string,डोरी
strip,पट्टी
stroke,आघात
strong,बलवान
strongly,दृढ़ता से
structure,संरचना
struggle,लड़ाई
student,छात्र
studio,स्टूडियो
study,अध्ययन
stuff,सामग्री
stupid,बेवकूफ
style,शैली
subject,विषय
submit,प्रस्तुत
subsequent,बाद का
substance,पदार्थ
substantial,संतोषजनक
succeed,सफल होना
success,सफलता
successful,सफल
successfully,सफलतापूर्वक
such,ऐसा
sudden,अचानक
suddenly,अचानक से
sue,मुक़दमा चलाना
suffer,भुगतना
sufficient,पर्याप्त
sugar,चीनी
suggest,सुझाव देना
suggestion,सुझाव
suicide,आत्मघाती
suit,सुविधाजनक होना
summer,गर्मी
summit,बैठक
sun,रवि
super,उत्तम
supply,आपूर्ति
support,सहयोग
supporter,समर्थक
suppose,मान लीजिए
supposed,कल्पित
Supreme,सुप्रीम
sure,ज़रूर
surely,निश्चित रूप से
surface,सतह
surgery,शल्य चिकित्सा
surprise,आश्चर्य
surprised,आश्चर्य चकित
surprising,चौंका देने वाला
surprisingly,हैरानी की बात है
surround,चारों ओर से घेरना
survey,सर्वेक्षण
survival,जीवित रहना
survive,जीवित बचना
survivor,उत्तरजीवी
suspect,संदिग्ध व्यक्ति
sustain,बनाए रखना
swear,कसम खाता
sweep,झाड़ू लगा दो
sweet,मीठा
swim,तैरना
swing,झूला
switch,बदलना
symbol,"चिन्ह, प्रतीक"
symptom,लक्षण
system,व्यवस्था
table,मेज़
tablespoon,बड़ा चमचा
tactic,रणनीति
tail,पूंछ
take,लेना
tale,कहानी
talent,प्रतिभा
talk,बात करना
tall,लंबा
tank,टैंक
tap,नल
tape,फीता
target,लक्ष्य
task,काम
taste,स्वाद
tax,कर
taxpayer,करदाता
tea,चाय
teach,सिखाना
teacher,शिक्षक
teaching,शिक्षण
team,टीम
tear,आँसू
teaspoon,छोटी चम्मच
technical,तकनीकी
technique,तकनीक
technology,तकनीकी
teen,किशोर
teenager,किशोर
telephone,टेलीफ़ोन
telescope,दूरबीन
television,टेलीविजन
tell,बताना
temperature,तापमान
temporary,अस्थायी
ten,दस
tend,प्रवृत्त होना
tendency,प्रवृत्ति
tennis,टेनिस
tension,तनाव
tent,तंबू
term,शर्त
terms,शर्तें
terrible,भयानक
territory,क्षेत्र
terror,आतंक
terrorism,आतंक
terrorist,आतंकवादी
test,परीक्षण
testify,गवाही देना
testimony,गवाही
testing,परिक्षण
text,मूलपाठ
than,बजाय
thank,धन्यवाद देना
thanks,धन्यवाद
that,वह
the,
theater,थिएटर
their,उनका
them,उन्हें
theme,थीम
themselves,खुद
then,फिर
theory,लिखित
therapy,चिकित्सा
there,वहां
therefore,इसलिए
these,इन
they,वे
thick,मोटा
thin,पतला
thing,चीज़
think,सोच
thinking,विचार
third,तीसरा
thirty,तीस
this,यह
those,वे
though,यद्यपि
thought,सोच
thousand,हज़ार
threat,धमकी
threaten,धमकी देना
three,तीन
throat,गला
through,के माध्यम से
throughout,हर जगह
throw,फेंकना
thus,इस प्रकार
ticket,टिकट
tie,बाँधना
tight,तंग
time,समय
tiny,बहुत छोटा
tip,बख्शीश
tire,थका देना
tired,थका हुआ
tissue,ऊतक
title,शीर्षक
to,प्रति
tobacco,तंबाकू
today,आज
toe,पैर की अंगुली
together,साथ में
tomato,टमाटर
tomorrow,कल
tone,सुर
tongue,जुबान
tonight,आज रात
too,बहुत
tool,औजार
tooth,दाँत
top,ऊपर
topic,विषय
toss,टॉस
total,कुल
totally,पूरी तरह से
touch,स्पर्श
tough,कठोर
tour,यात्रा
tourist,पर्यटक
tournament,टूर्नामेंट
toward,की ओर
towards,की ओर
tower,मीनार
town,नगर
toy,खिलौने
trace,पता लगाना
track,संकरा रास्ता
trade,व्यापार
tradition,परंपरा
traditional,परंपरागत
traffic,ट्रैफ़िक
tragedy,त्रासदी
trail,पगडंडी
train,रेल गाडी
training,प्रशिक्षण
transfer,स्थानांतरण करना
transform,परिवर्तन
transformation,परिवर्तन
transition,संक्रमण
translate,अनुवाद करना
transportation,परिवहन
travel,यात्रा करना
treat,व्यवहार करना
treatment,इलाज
treaty,संधि
tree,पेड़
tremendous,अद्भुत
trend,रुझान
trial,परीक्षण
tribe,जनजाति
trick,छल
trip,यात्रा
troop,सेना
trouble,मुसीबत
truck,ट्रक
TRUE,सच
truly,सही मायने में
trust,विश्वास
truth,सत्य
try,प्रयत्न
tube,ट्यूब
tunnel,सुरंग
turn,मोड़
TV,टीवी
twelve,बारह
twenty,बीस
twice,दो बार
twin,जुड़वां
two,दो
type,प्रकार
typical,ठेठ
typically,आम तौर पर
ugly,कुरूप
ultimate,परम
ultimately,अंत में
unable,असमर्थ
uncle,चाचा
under,नीचे
undergo,गुज़रना
understand,समझना
understanding,समझ
unfortunately,दुर्भाग्य से
uniform,वर्दी
union,संघ
unique,अद्वितीय
unit,इकाई
United,यूनाइटेड
universal,सार्वभौमिक
universe,ब्रम्हांड
university,विश्वविद्यालय
unknown,अनजान
unless,जब तक
unlike,भिन्न
unlikely,संभावना नहीं
until,तक
unusual,असामान्य
up,यूपी
upon,ऊपर
upper,अपर
urban,शहरी
urge,विनती करना
us,हम
use,उपयोग
used,उपयोग किया गया
useful,उपयोगी
user,उपयोगकर्ता
usual,सामान्य
usually,आमतौर पर
utility,उपयोगिता
vacation,छुट्टी
valley,घाटी
valuable,कीमती
value,मूल्य
variable,चर
variation,उतार–चढ़ाव
variety,विविधता
various,विभिन्न
vary,अलग होना
vast,बहुत बड़ा
vegetable,सबजी
vehicle,वाहन
venture,जोखिम उठाना
version,संस्करण
versus,बनाम
very,बहुत
vessel,पतीला
veteran,अनुभवी व्यक्ति
via,के जरिए
victim,पीड़ित
victory,विजय
video,वीडियो
view,दृश्य
viewer,दर्शक
village,गाँव rajnagar
violate,का उल्लंघन
violation,उल्लंघन
violence,हिंसा
violent,हिंसक
virtually,आभासी रूप से
virtue,गुण
virus,वाइरस
visible,दृश्यमान
vision,नज़र
visit,मुलाकात
visitor,आगंतुक
visual,तस्वीर
vital,महत्वपूर्ण
voice,आवाज़
volume,मात्रा
volunteer,स्वयंसेवी
vote,वोट
voter,मतदाता
vs,बनाम
vulnerable,चपेट में
wage,वेतन
wait,रुको
wake,जागना
walk,टहल लो
wall,दीवार
wander,घूमना
want,चाहते हैं
war,युद्ध
warm,गरम
warn,चेतावनी देना
warning,चेतावनी
wash,धोना
waste,बरबाद करना
watch,घड़ी
water,पानी
wave,हिलाना
way,मार्ग
we,हम
weak,कमज़ोर
wealth,संपत्ति
wealthy,धनवान
weapon,हथियार
wear,घिसाव
weather,मौसम
wedding,शादी
week,सप्ताह
weekend,सप्ताहांत
weekly,साप्ताहिक
weigh,तौलना
weight,वजन
welcome,स्वागत हे
welfare,कल्याण
well,कुंआ
west,पश्चिम
western,वेस्टर्न
wet,गीला
what,क्या
whatever,जो भी हो
wheel,चक्र
when,जब
whenever,जब भी
where,कहाँ पे
whereas,जबकि
whether,या
which,कौन सा
while,जबकि
whisper,फुसफुसाना
white,सफेद
who,कौन
whole,पूरे
whom,किसको
whose,किसका
why,क्यों
wide,चौड़ा
widely,व्यापक रूप से
widespread,बड़े पैमाने पर
wife,बीवी
wild,जंगली
will,मर्जी
willing,इच्छुक
win,जीत
wind,हवा
window,खिड़की
wine,शराब
wing,विंग
winner,विजेता
winter,सर्दी
wipe,पोंछना
wire,तार
wisdom,बुद्धि
wise,ढंग
wish,तमन्ना
with,साथ
withdraw,वापस लेना
within,अंदर
without,बिना
witness,गवाह
woman,महिला
wonder,आश्चर्य
wonderful,प्रशंसनीय
wood,लकड़ी
wooden,लकड़ी का
word,शब्द
work,काम
worker,मज़दूर
working,कार्यरत
works,काम करता है
workshop,कार्यशाला
world,दुनिया
worried,चिंतित
worry,चिंता
worth,कीमत
would,चाहेंगे
wound,घाव
wrap,लपेटना
write,लिखना
writer,लेखक
writing,लिख रहे हैं
wrong,गलत
yard,यार्ड
yeah,हां
year,साल
yell,चीखना
yellow,पीला
yes,हां
yesterday,कल
yet,अभी तक
yield,पैदावार
you,तुम
young,युवा
your,आपका
yours,आपका अपना
yourself,स्वयं
youth,युवा
zone,क्षेत्र